{
  "hash": "1cbb6cc3",
  "configHash": "cd9a1f39",
  "lockfileHash": "a107adff",
  "browserHash": "108f1f04",
  "optimized": {
    "@angular/common": {
      "src": "../../../../../../node_modules/@angular/common/fesm2022/common.mjs",
      "file": "@angular_common.js",
      "fileHash": "d6fe3907",
      "needsInterop": false
    },
    "@angular/common/http": {
      "src": "../../../../../../node_modules/@angular/common/fesm2022/http.mjs",
      "file": "@angular_common_http.js",
      "fileHash": "1f436eb6",
      "needsInterop": false
    },
    "@angular/core": {
      "src": "../../../../../../node_modules/@angular/core/fesm2022/core.mjs",
      "file": "@angular_core.js",
      "fileHash": "fa1ef3f7",
      "needsInterop": false
    },
    "@angular/forms": {
      "src": "../../../../../../node_modules/@angular/forms/fesm2022/forms.mjs",
      "file": "@angular_forms.js",
      "fileHash": "99cd2e08",
      "needsInterop": false
    },
    "@angular/platform-browser": {
      "src": "../../../../../../node_modules/@angular/platform-browser/fesm2022/platform-browser.mjs",
      "file": "@angular_platform-browser.js",
      "fileHash": "784a13c8",
      "needsInterop": false
    },
    "@angular/router": {
      "src": "../../../../../../node_modules/@angular/router/fesm2022/router.mjs",
      "file": "@angular_router.js",
      "fileHash": "17ec20fe",
      "needsInterop": false
    },
    "rxjs/operators": {
      "src": "../../../../../../node_modules/rxjs/dist/esm5/operators/index.js",
      "file": "rxjs_operators.js",
      "fileHash": "7f6a2099",
      "needsInterop": false
    }
  },
  "chunks": {
    "chunk-567DROT5": {
      "file": "chunk-567DROT5.js"
    },
    "chunk-76PXLMPO": {
      "file": "chunk-76PXLMPO.js"
    },
    "chunk-3K23QKNA": {
      "file": "chunk-3K23QKNA.js"
    },
    "chunk-WOQ47UI3": {
      "file": "chunk-WOQ47UI3.js"
    },
    "chunk-HMW7J5PA": {
      "file": "chunk-HMW7J5PA.js"
    },
    "chunk-T2UPE7AW": {
      "file": "chunk-T2UPE7AW.js"
    }
  }
}